UserPrincipalName,Path,Server,GivenName,Surname,Enabled,Name,desc,office,title,company,AccountPassword
Luis.Graves@labs.local,"OU=UserAccounts,dc=labs,DC=local",labs.local,"Luis","Graves",1,"Luis.Graves","Accounting Controller","Accounting","Controller","DevLabs","Badpass76918"
Pam.Sparks@labs.local,"OU=UserAccounts,dc=labs,DC=local",labs.local,"Pam","Sparks",1,"Pam.Sparks","Accounting Accounts Payable","DevLabs Accounting","Accounts Payable","DevLabs","Badpass30886"
Jesus.Robertson@labs.local,"OU=UserAccounts,dc=labs,DC=local",labs.local,"Jesus","Robertson",1,"Jesus.Robertson","Accounting Accounts Receivable","DevLabs Accounting","Accounts Receivable","DevLabs","Badpass33835"
Nellie.Blair@labs.local,"OU=UserAccounts,dc=labs,DC=local",labs.local,"Nellie","Blair",1,"Nellie.Blair","WholeSales Wholesale Sales","DevLabs WholeSales","Wholesale Sales","DevLabs","Badpass22601"
Carl.Pearson@labs.local,"OU=UserAccounts,dc=labs,DC=local",labs.local,"Carl","Pearson",1,"Carl.Pearson","WholeSales Wholesale Sales","DevLabs WholeSales","Wholesale Sales","DevLabs","Badpass23644"
Geneva.Bryant@labs.local,"OU=UserAccounts,dc=labs,DC=local",labs.local,"Geneva","Bryant",1,"Geneva.Bryant","WholeSales Wholesale Sales","DevLabs WholeSales","Wholesale Sales","DevLabs","Badpass59456"
Diana.Henderson@labs.local,"OU=UserAccounts,dc=labs,DC=local",labs.local,"Diana","Henderson",1,"Diana.Henderson","Transportaion Logistics Manager","DevLabs Transportaion","Logistics Manager","DevLabs","Badpass82796"
Courtney.Mitchell@labs.local,"OU=UserAccounts,dc=labs,DC=local",labs.local,"Courtney","Mitchell",1,"Courtney.Mitchell","Transportation Logistics Assistant","DevLabs Transportation","Logistics Assistant","DevLabs","Badpass77145"
Gina.Hampton@labs.local,"OU=UserAccounts,dc=labs,DC=local",labs.local,"Gina","Hampton",1,"Gina.Hampton","Bakery Production Director of Bakering","DevLabs Bakery Production","Director of Bakering","DevLabs","Badpass94578"
Otis.Mullins@labs.local,"OU=UserAccounts,dc=labs,DC=local",labs.local,"Otis","Mullins",1,"Otis.Mullins","Bakery Production Head Baker","DevLabs Bakery Production","Head Baker","DevLabs","Badpass46747"
Gordon.Phillips@labs.local,"OU=UserAccounts,dc=labs,DC=local",labs.local,"Gordon","Phillips",1,"Gordon.Phillips","Bakery Production Head Baker","DevLabs Bakery Production","Head Baker","DevLabs","Badpass59314"
Olive.Ross@labs.local,"OU=UserAccounts,dc=labs,DC=local",labs.local,"Olive","Ross",1,"Olive.Ross","Bakery Production Baker","DevLabs Bakery Production","Baker","DevLabs","Badpass23913"
Roxanne.Greer@labs.local,"OU=UserAccounts,dc=labs,DC=local",labs.local,"Roxanne","Greer",1,"Roxanne.Greer","Bakery Production Baker","DevLabs Bakery Production","Baker","DevLabs","Badpass65009"
Willie.Herrera@labs.local,"OU=UserAccounts,dc=labs,DC=local",labs.local,"Willie","Herrera",1,"Willie.Herrera","Bakery Production Baker","DevLabs Bakery Production","Baker","DevLabs","Badpass89503"
Randal.Simpson@labs.local,"OU=UserAccounts,dc=labs,DC=local",labs.local,"Randal","Simpson",1,"Randal.Simpson","Bakery Production Baker","DevLabs Bakery Production","Baker","DevLabs","Badpass32673"
Bradley.Christensen@labs.local,"OU=UserAccounts,dc=labs,DC=local",labs.local,"Bradley","Christensen",1,"Bradley.Christensen","Bakery Production Baker","DevLabs Bakery Production","Baker","DevLabs","Badpass67659"
Heather.Butler@labs.local,"OU=UserAccounts,dc=labs,DC=local",labs.local,"Heather","Butler",1,"Heather.Butler","Bakery Production Purchasing Agent","DevLabs Bakery Production","Purchasing Agent","DevLabs","Badpass25808"
Elisa.Lawson@labs.local,"OU=UserAccounts,dc=labs,DC=local",labs.local,"Elisa","Lawson",1,"Elisa.Lawson","Bakery Production Confectionary Specialist","DevLabs Bakery Production","Confectionary Specialist","DevLabs","Badpass93896"
Kristi.Silva@labs.local,"OU=UserAccounts,dc=labs,DC=local",labs.local,"Kristi","Silva",1,"Kristi.Silva","Bakery Production Confectionary Specialist","DevLabs Bakery Production","Confectionary Specialist","DevLabs","Badpass66729"
Ed.Barnes@labs.local,"OU=UserAccounts,dc=labs,DC=local",labs.local,"Ed","Barnes",1,"Ed.Barnes","BusAdmin Office Manager","DevLabs BusAdmin","Office Manager","DevLabs","Badpass21561"
Angela.Garner@labs.local,"OU=UserAccounts,dc=labs,DC=local",labs.local,"Angela","Garner",1,"Angela.Garner","Facilities Facilities Manager","DevLabs Facilities","Facilities Manager","DevLabs","Badpass77813"
Lynda.Bowman@labs.local,"OU=UserAccounts,dc=labs,DC=local",labs.local,"Lynda","Bowman",1,"Lynda.Bowman","IT Systems Support","DevLabs IT","Systems Support","DevLabs","Badpass28487"
Kathleen.Delgado@labs.local,"ou=UserAccounts,dc=labs,DC=local",labs.local,"Kathleen","Delgado",1,"Kathleen.Delgado","IT WebDev Marketer","DevLabs IT","WebDev Marketer","DevLabs","Badpass97825"
Eileen.Moss@labs.local,"ou=UserAccounts,dc=labs,DC=local",labs.local,"Eileen","Moss",1,"Eileen.Moss","BusAdmin Owner","DevLabs BusAdmin","Owner","DevLabs","Badpass51776"
IT.Admin@labs.local,"ou=UserAccounts,dc=labs,DC=local",labs.local,"IT","Admin",1,"IT.Admin","IT DEPARTMENT IT SUPERUSER ACCOUNT","DevLabs IT DEPARTMENT","IT SUPERUSER ACCOUNT","DevLabs","Badpass99999"
Josefina.Robbins@labs.local,"ou=UserAccounts,dc=labs,DC=local",labs.local,"Josefina","Robbins",1,"Josefina.Robbins","Testing Grounds Of Intervening Epeirogenics Medical Physics Professor","DevLabs Testing Grounds Of Intervening Epeirogenics","Medical Physics Professor","DevLabs","Badpass39351"
Toni.Spencer@labs.local,"ou=UserAccounts,dc=labs,DC=local",labs.local,"Toni","Spencer",1,"Toni.Spencer","Testing Grounds Of Intervening Epeirogenics Sterilization Technician","DevLabs Testing Grounds Of Intervening Epeirogenics","Sterilization Technician","DevLabs","Badpass75041"
Becky.Wise@labs.local,"ou=UserAccounts,dc=labs,DC=local",labs.local,"Becky","Wise",1,"Becky.Wise","Testing Grounds Of Intervening Epeirogenics Honest John Rocket Crew Member","DevLabs Testing Grounds Of Intervening Epeirogenics","Honest John Rocket Crew Member","DevLabs","Badpass55039"
Vicky.Hansen@labs.local,"ou=UserAccounts,dc=labs,DC=local",labs.local,"Vicky","Hansen",1,"Vicky.Hansen","Testing Grounds Of Intervening Epeirogenics PBX Operator","DevLabs Testing Grounds Of Intervening Epeirogenics","PBX Operator","DevLabs","Badpass1834"
Juana.Fitzgerald@labs.local,"ou=UserAccounts,dc=labs,DC=local",labs.local,"Juana","Fitzgerald",1,"Juana.Fitzgerald","Testing Grounds Of Intervening Epeirogenics Field Map Technician","DevLabs Testing Grounds Of Intervening Epeirogenics","Field Map Technician","DevLabs","Badpass18832"
Judith.Green@labs.local,"ou=UserAccounts,dc=labs,DC=local",labs.local,"Judith","Green",1,"Judith.Green","Testing Grounds Of Intervening Epeirogenics Combine Mechanic","DevLabs Testing Grounds Of Intervening Epeirogenics","Combine Mechanic","DevLabs","Badpass91238"
Drew.Simmons@labs.local,"ou=UserAccounts,dc=labs,DC=local",labs.local,"Drew","Simmons",1,"Drew.Simmons","Testing Grounds Of Intervening Epeirogenics School Bus Driver","DevLabs Testing Grounds Of Intervening Epeirogenics","School Bus Driver","DevLabs","Badpass53349"
Ernestine.Blake@labs.local,"ou=UserAccounts,dc=labs,DC=local",labs.local,"Ernestine","Blake",1,"Ernestine.Blake","Testing Grounds Of Intervening Epeirogenics Merchandise Displayer","DevLabs Testing Grounds Of Intervening Epeirogenics","Merchandise Displayer","DevLabs","Badpass12790"
Vickie.Ray@labs.local,"ou=UserAccounts,dc=labs,DC=local",labs.local,"Vickie","Ray",1,"Vickie.Ray","Testing Grounds Of Intervening Epeirogenics National Association for Stock Car Auto Racing Driver","DevLabs Testing Grounds Of Intervening Epeirogenics","National Association for Stock Car Auto Racing Driver","DevLabs","Badpass62326"
Jerry.Lawrence@labs.local,"ou=UserAccounts,dc=labs,DC=local",labs.local,"Jerry","Lawrence",1,"Jerry.Lawrence","Test Center Of The Analysis Of Florigenics Independent Insurance Adjuster","DevLabs Test Center Of The Analysis Of Florigenics","Independent Insurance Adjuster","DevLabs","Badpass55938"
Darlene.Gibbs@labs.local,"ou=UserAccounts,dc=labs,DC=local",labs.local,"Darlene","Gibbs",1,"Darlene.Gibbs","Test Center Of The Analysis Of Florigenics Electronic Warfare Specialist","DevLabs Test Center Of The Analysis Of Florigenics","Electronic Warfare Specialist","DevLabs","Badpass46644"
Jeremy.Willis@labs.local,"ou=UserAccounts,dc=labs,DC=local",labs.local,"Jeremy","Willis",1,"Jeremy.Willis","Test Center Of The Analysis Of Florigenics Administrative Court Justice","DevLabs Test Center Of The Analysis Of Florigenics","Administrative Court Justice","DevLabs","Badpass86499"
Kathy.Montgomery@labs.local,"ou=UserAccounts,dc=labs,DC=local",labs.local,"Kathy","Montgomery",1,"Kathy.Montgomery","Test Center Of The Analysis Of Florigenics Prescription Clerk","DevLabs Test Center Of The Analysis Of Florigenics","Prescription Clerk","DevLabs","Badpass89450"
Veronica.Sparks@labs.local,"ou=UserAccounts,dc=labs,DC=local",labs.local,"Veronica","Sparks",1,"Veronica.Sparks","Test Center Of The Analysis Of Florigenics Guided Missile Launching System Maintenance Technician","DevLabs Test Center Of The Analysis Of Florigenics","Guided Missile Launching System Maintenance Technician","DevLabs","Badpass22385"
Bertha.Schultz@labs.local,"ou=UserAccounts,dc=labs,DC=local",labs.local,"Bertha","Schultz",1,"Bertha.Schultz","Test Center Of The Analysis Of Florigenics Staff Air Defense Officer","DevLabs Test Center Of The Analysis Of Florigenics","Staff Air Defense Officer","DevLabs","Badpass90332"
Judy.Bowen@labs.local,"ou=UserAccounts,dc=labs,DC=local",labs.local,"Judy","Bowen",1,"Judy.Bowen","Test Center Of The Analysis Of Florigenics Film Process Operator","DevLabs Test Center Of The Analysis Of Florigenics","Film Process Operator","DevLabs","Badpass76659"
Candace.Martinez@labs.local,"ou=UserAccounts,dc=labs,DC=local",labs.local,"Candace","Martinez",1,"Candace.Martinez","Test Center Of The Analysis Of Florigenics Aircraft Loadmaster Superintendent","DevLabs Test Center Of The Analysis Of Florigenics","Aircraft Loadmaster Superintendent","DevLabs","Badpass83152"
Everett.Watkins@labs.local,"ou=UserAccounts,dc=labs,DC=local",labs.local,"Everett","Watkins",1,"Everett.Watkins","Defense Lab Of Obscure Transgenics Lay Health Advocate","DevLabs Defense Lab Of Obscure Transgenics","Lay Health Advocate","DevLabs","Badpass16102"
Mandy.Rhodes@labs.local,"ou=UserAccounts,dc=labs,DC=local",labs.local,"Mandy","Rhodes",1,"Mandy.Rhodes","Test Center Of Declined Ergogenics Geophysical Manager","DevLabs Test Center Of Declined Ergogenics","Geophysical Manager","DevLabs","Badpass31055"
Gail.Kennedy@labs.local,"ou=UserAccounts,dc=labs,DC=local",labs.local,"Gail","Kennedy",1,"Gail.Kennedy","Defense Lab Of Obscure Transgenics Ship's Electronic Warfare Officer","DevLabs Defense Lab Of Obscure Transgenics","Ship's Electronic Warfare Officer","DevLabs","Badpass60705"
Elmer.Wagner@labs.local,"ou=UserAccounts,dc=labs,DC=local",labs.local,"Elmer","Wagner",1,"Elmer.Wagner","Test Center Of Declined Ergogenics MIS Director","DevLabs Test Center Of Declined Ergogenics","MIS Director","DevLabs","Badpass7611"
Angela.Hampton@labs.local,"ou=UserAccounts,dc=labs,DC=local",labs.local,"Angela","Hampton",1,"Angela.Hampton","Defense Lab Of Obscure Transgenics Peer Health Promoter","DevLabs Defense Lab Of Obscure Transgenics","Peer Health Promoter","DevLabs","Badpass60044"
Claire.Munoz@labs.local,"ou=UserAccounts,dc=labs,DC=local",labs.local,"Claire","Munoz",1,"Claire.Munoz","Test Center Of Declined Ergogenics Secondary School Principal","DevLabs Test Center Of Declined Ergogenics","Secondary School Principal","DevLabs","Badpass11608"
Joanna.Patton@labs.local,"ou=UserAccounts,dc=labs,DC=local",labs.local,"Joanna","Patton",1,"Joanna.Patton","Defense Lab Of Obscure Transgenics Banquet Manager","DevLabs Defense Lab Of Obscure Transgenics","Banquet Manager","DevLabs","Badpass59451"
Elaine.Carson@labs.local,"ou=UserAccounts,dc=labs,DC=local",labs.local,"Elaine","Carson",1,"Elaine.Carson","Test Center Of Declined Ergogenics Service Forester","DevLabs Test Center Of Declined Ergogenics","Service Forester","DevLabs","Badpass30285"
Shelia.Osborne@labs.local,"ou=UserAccounts,dc=labs,DC=local",labs.local,"Shelia","Osborne",1,"Shelia.Osborne","Defense Lab Of Obscure Transgenics Computer Security Specialist","DevLabs Defense Lab Of Obscure Transgenics","Computer Security Specialist","DevLabs","Badpass46566"
Alberto.Patterson@labs.local,"ou=UserAccounts,dc=labs,DC=local",labs.local,"Alberto","Patterson",1,"Alberto.Patterson","Test Center Of Declined Ergogenics Computer Systems Security Analyst","DevLabs Test Center Of Declined Ergogenics","Computer Systems Security Analyst","DevLabs","Badpass31258"
Bonnie.Barber@labs.local,"ou=UserAccounts,dc=labs,DC=local",labs.local,"Bonnie","Barber",1,"Bonnie.Barber","Defense Lab Of Obscure Transgenics Information Security Analyst","DevLabs Defense Lab Of Obscure Transgenics","Information Security Analyst","DevLabs","Badpass8383"
Christian.Frazier@labs.local,"ou=UserAccounts,dc=labs,DC=local",labs.local,"Christian","Frazier",1,"Christian.Frazier","Test Center Of Declined Ergogenics Information Systems Security Analyst","DevLabs Test Center Of Declined Ergogenics","Information Systems Security Analyst","DevLabs","Badpass85995"
Cheryl.Ford@labs.local,"ou=UserAccounts,dc=labs,DC=local",labs.local,"Cheryl","Ford",1,"Cheryl.Ford","Test Center Of The Deterioration Of Palynology Internet Security Specialist","DevLabs Test Center Of The Deterioration Of Palynology","Internet Security Specialist","DevLabs","Badpass42850"
Leslie.Francis@labs.local,"ou=UserAccounts,dc=labs,DC=local",labs.local,"Leslie","Francis",1,"Leslie.Francis","Test Center Of The Deterioration Of Palynology Network Security Analyst","DevLabs Test Center Of The Deterioration Of Palynology","Network Security Analyst","DevLabs","Badpass79876"
Dwight.Burns@labs.local,"ou=UserAccounts,dc=labs,DC=local",labs.local,"Dwight","Burns",1,"Dwight.Burns","Test Center Of The Deterioration Of Palynology Applications Programmer","DevLabs Test Center Of The Deterioration Of Palynology","Applications Programmer","DevLabs","Badpass46592"
Jill.Roberts@labs.local,"ou=UserAccounts,dc=labs,DC=local",labs.local,"Jill","Roberts",1,"Jill.Roberts","Test Center Of The Deterioration Of Palynology Computer Language Coder","DevLabs Test Center Of The Deterioration Of Palynology","Computer Language Coder","DevLabs","Badpass57759"
Tamara.Armstrong@labs.local,"ou=UserAccounts,dc=labs,DC=local",labs.local,"Tamara","Armstrong",1,"Tamara.Armstrong","Test Center Of The Deterioration Of Palynology Computer Programmer","DevLabs Test Center Of The Deterioration Of Palynology","Computer Programmer","DevLabs","Badpass32165"
Lionel.Vaughn@labs.local,"ou=UserAccounts,dc=labs,DC=local",labs.local,"Lionel","Vaughn",1,"Lionel.Vaughn","Test Center Of The Deterioration Of Palynology Junior Software Developer","DevLabs Test Center Of The Deterioration Of Palynology","Junior Software Developer","DevLabs","Badpass65184"
Carmen.Chambers@labs.local,"ou=UserAccounts,dc=labs,DC=local",labs.local,"Carmen","Chambers",1,"Carmen.Chambers","Test Center Of The Deterioration Of Palynology Mainframe Programmer","DevLabs Test Center Of The Deterioration Of Palynology","Mainframe Programmer","DevLabs","Badpass31637"
Taylor.Gill@labs.local,"ou=UserAccounts,dc=labs,DC=local",labs.local,"Taylor","Gill",1,"Taylor.Gill","Test Center Of The Deterioration Of Palynology Systems Programmer","DevLabs Test Center Of The Deterioration Of Palynology","Systems Programmer","DevLabs","Badpass39026"
Cora.Bowman@labs.local,"ou=UserAccounts,dc=labs,DC=local",labs.local,"Cora","Bowman",1,"Cora.Bowman","Test Center Of The Deterioration Of Palynology Application Integration Engineer","DevLabs Test Center Of The Deterioration Of Palynology","Application Integration Engineer","DevLabs","Badpass87180"
Virginia.Adkins@labs.local,"ou=UserAccounts,dc=labs,DC=local",labs.local,"Virginia","Adkins",1,"Virginia.Adkins","Test Center Of The Deterioration Of Palynology Applications Developer","DevLabs Test Center Of The Deterioration Of Palynology","Applications Developer","DevLabs","Badpass56388"
Jody.Haynes@labs.local,"ou=UserAccounts,dc=labs,DC=local",labs.local,"Jody","Haynes",1,"Jody.Haynes","Research Lab Of Mutating Garbology Computer Applications Developer","DevLabs Research Lab Of Mutating Garbology","Computer Applications Developer","DevLabs","Badpass59005"
Corey.Quinn@labs.local,"ou=UserAccounts,dc=labs,DC=local",labs.local,"Corey","Quinn",1,"Corey.Quinn","Research Lab Of Mutating Garbology Computer Applications Engineer","DevLabs Research Lab Of Mutating Garbology","Computer Applications Engineer","DevLabs","Badpass85030"
Nancy.Yates@labs.local,"ou=UserAccounts,dc=labs,DC=local",labs.local,"Nancy","Yates",1,"Nancy.Yates","Research Lab Of Mutating Garbology Database Developer","DevLabs Research Lab Of Mutating Garbology","Database Developer","DevLabs","Badpass43517"
Eleanor.Olson@labs.local,"ou=UserAccounts,dc=labs,DC=local",labs.local,"Eleanor","Olson",1,"Eleanor.Olson","Research Lab Of Mutating Garbology Software Applications Architect","DevLabs Research Lab Of Mutating Garbology","Software Applications Architect","DevLabs","Badpass74648"
Shari.Hunt@labs.local,"ou=UserAccounts,dc=labs,DC=local",labs.local,"Shari","Hunt",1,"Shari.Hunt","Research Lab Of Mutating Garbology Software Applications Designer","DevLabs Research Lab Of Mutating Garbology","Software Applications Designer","DevLabs","Badpass63423"
Willie.Gonzales@labs.local,"ou=UserAccounts,dc=labs,DC=local",labs.local,"Willie","Gonzales",1,"Willie.Gonzales","Research Lab Of Mutating Garbology Software Applications Engineer","DevLabs Research Lab Of Mutating Garbology","Software Applications Engineer","DevLabs","Badpass57169"
Rickey.Campbell@labs.local,"ou=UserAccounts,dc=labs,DC=local",labs.local,"Rickey","Campbell",1,"Rickey.Campbell","Research Lab Of Mutating Garbology Actuarial Associate","DevLabs Research Lab Of Mutating Garbology","Actuarial Associate","DevLabs","Badpass91838"
Pablo.Goodman@labs.local,"ou=UserAccounts,dc=labs,DC=local",labs.local,"Pablo","Goodman",1,"Pablo.Goodman","Research Lab Of Mutating Garbology Actuarial Mathematician","DevLabs Research Lab Of Mutating Garbology","Actuarial Mathematician","DevLabs","Badpass71031"
Maureen.Rios@labs.local,"ou=UserAccounts,dc=labs,DC=local",labs.local,"Maureen","Rios",1,"Maureen.Rios","Defense Lab Of The Rectification Of Dysgenics Health Actuary","DevLabs Defense Lab Of The Rectification Of Dysgenics","Health Actuary","DevLabs","Badpass5877"
Jim.Bailey@labs.local,"ou=UserAccounts,dc=labs,DC=local",labs.local,"Jim","Bailey",1,"Jim.Bailey","Defense Lab Of The Rectification Of Dysgenics Insurance Actuary","DevLabs Defense Lab Of The Rectification Of Dysgenics","Insurance Actuary","DevLabs","Badpass13637"
Debbie.Harrison@labs.local,"ou=UserAccounts,dc=labs,DC=local",labs.local,"Debbie","Harrison",1,"Debbie.Harrison","Defense Lab Of The Rectification Of Dysgenics Pricing Actuary","DevLabs Defense Lab Of The Rectification Of Dysgenics","Pricing Actuary","DevLabs","Badpass34971"
Timmy.Richardson@labs.local,"ou=UserAccounts,dc=labs,DC=local",labs.local,"Timmy","Richardson",1,"Timmy.Richardson","Defense Lab Of The Rectification Of Dysgenics Product Development Actuary","DevLabs Defense Lab Of The Rectification Of Dysgenics","Product Development Actuary","DevLabs","Badpass46037"
Samantha.Ryan@labs.local,"ou=UserAccounts,dc=labs,DC=local",labs.local,"Samantha","Ryan",1,"Samantha.Ryan","Defense Lab Of The Rectification Of Dysgenics Operations Analyst","DevLabs Defense Lab Of The Rectification Of Dysgenics","Operations Analyst","DevLabs","Badpass5033"
Roderick.Stone@labs.local,"ou=UserAccounts,dc=labs,DC=local",labs.local,"Roderick","Stone",1,"Roderick.Stone","Defense Lab Of The Rectification Of Dysgenics Operations Research Analyst","DevLabs Defense Lab Of The Rectification Of Dysgenics","Operations Research Analyst","DevLabs","Badpass1984"
Jackie.Hall@labs.local,"ou=UserAccounts,dc=labs,DC=local",labs.local,"Jackie","Hall",1,"Jackie.Hall","Defense Lab Of The Rectification Of Dysgenics Procedure Analyst","DevLabs Defense Lab Of The Rectification Of Dysgenics","Procedure Analyst","DevLabs","Badpass62950"
Sylvia.Mcgee@labs.local,"ou=UserAccounts,dc=labs,DC=local",labs.local,"Sylvia","Mcgee",1,"Sylvia.Mcgee","Defense Lab Of The Rectification Of Dysgenics Process Analyst","DevLabs Defense Lab Of The Rectification Of Dysgenics","Process Analyst","DevLabs","Badpass81222"
Bernice.Lawson@labs.local,"ou=UserAccounts,dc=labs,DC=local",labs.local,"Bernice","Lawson",1,"Bernice.Lawson","Defense Lab Of The Rectification Of Dysgenics Animal Breeder","DevLabs Defense Lab Of The Rectification Of Dysgenics","Animal Breeder","DevLabs","Badpass54618"
Kyle.Owen@labs.local,"ou=UserAccounts,dc=labs,DC=local",labs.local,"Kyle","Owen",1,"Kyle.Owen","Defense Lab Of The Rectification Of Dysgenics Cat Breeder","DevLabs Defense Lab Of The Rectification Of Dysgenics","Cat Breeder","DevLabs","Badpass64815"
Orlando.Bennett@labs.local,"ou=UserAccounts,dc=labs,DC=local",labs.local,"Orlando","Bennett",1,"Orlando.Bennett","Defense Lab Of The Rectification Of Dysgenics Dairy Husbandry Worker","DevLabs Defense Lab Of The Rectification Of Dysgenics","Dairy Husbandry Worker","DevLabs","Badpass83275"
Cindy.Vargas@labs.local,"ou=UserAccounts,dc=labs,DC=local",labs.local,"Cindy","Vargas",1,"Cindy.Vargas","Defense Lab Of The Rectification Of Dysgenics Dog Breeder","DevLabs Defense Lab Of The Rectification Of Dysgenics","Dog Breeder","DevLabs","Badpass73142"
Geneva.Murphy@labs.local,"ou=UserAccounts,dc=labs,DC=local",labs.local,"Geneva","Murphy",1,"Geneva.Murphy","Defense Lab Of The Rectification Of Dysgenics Equine Breeder","DevLabs Defense Lab Of The Rectification Of Dysgenics","Equine Breeder","DevLabs","Badpass79401"
Paula.Warner@labs.local,"ou=UserAccounts,dc=labs,DC=local",labs.local,"Paula","Warner",1,"Paula.Warner","Defense Lab Of The Rectification Of Dysgenics Horse Breeder","DevLabs Defense Lab Of The Rectification Of Dysgenics","Horse Breeder","DevLabs","Badpass78584"
Felix.Ballard@labs.local,"ou=UserAccounts,dc=labs,DC=local",labs.local,"Felix","Ballard",1,"Felix.Ballard","Defense Lab Of The Rectification Of Dysgenics Livestock Breeder","DevLabs Defense Lab Of The Rectification Of Dysgenics","Livestock Breeder","DevLabs","Badpass6354"
Phyllis.Rivera@labs.local,"ou=UserAccounts,dc=labs,DC=local",labs.local,"Phyllis","Rivera",1,"Phyllis.Rivera","Defense Lab Of The Rectification Of Dysgenics Poultry Inseminator","DevLabs Defense Lab Of The Rectification Of Dysgenics","Poultry Inseminator","DevLabs","Badpass82528"
Harriet.Moss@labs.local,"ou=UserAccounts,dc=labs,DC=local",labs.local,"Harriet","Moss",1,"Harriet.Moss","Defense Lab Of The Rectification Of Dysgenics Stallion Manager","DevLabs Defense Lab Of The Rectification Of Dysgenics","Stallion Manager","DevLabs","Badpass21525"
Lucille.Tucker@labs.local,"ou=UserAccounts,dc=labs,DC=local",labs.local,"Lucille","Tucker",1,"Lucille.Tucker","Plutocratic Republic of Prefectures Rug Designer","DevLabs Plutocratic Republic of Prefectures","Rug Designer","DevLabs","Badpass7198"
Oscar.Sherman@labs.local,"ou=UserAccounts,dc=labs,DC=local",labs.local,"Oscar","Sherman",1,"Oscar.Sherman","Plutocratic Republic of Prefectures Special Education Preschool Teacher","DevLabs Plutocratic Republic of Prefectures","Special Education Preschool Teacher","DevLabs","Badpass26745"
Priscilla.Bryant@labs.local,"ou=UserAccounts,dc=labs,DC=local",labs.local,"Priscilla","Bryant",1,"Priscilla.Bryant","Plutocratic Republic of Prefectures Radio Television Technical Director","DevLabs Plutocratic Republic of Prefectures","Radio Television Technical Director","DevLabs","Badpass37534"
Gwendolyn.Berry@labs.local,"ou=UserAccounts,dc=labs,DC=local",labs.local,"Gwendolyn","Berry",1,"Gwendolyn.Berry","Plutocratic Republic of Prefectures Rail Signal Mechanic","DevLabs Plutocratic Republic of Prefectures","Rail Signal Mechanic","DevLabs","Badpass16263"
Cynthia.Mcdonald@labs.local,"ou=UserAccounts,dc=labs,DC=local",labs.local,"Cynthia","Mcdonald",1,"Cynthia.Mcdonald","Plutocratic Republic of Prefectures Funeral Arrangement Director","DevLabs Plutocratic Republic of Prefectures","Funeral Arrangement Director","DevLabs","Badpass67127"
Ignacio.Long@labs.local,"ou=UserAccounts,dc=labs,DC=local",labs.local,"Ignacio","Long",1,"Ignacio.Long","Plutocratic Republic of Prefectures Tool Room Supervisor","DevLabs Plutocratic Republic of Prefectures","Tool Room Supervisor","DevLabs","Badpass59735"
Patsy.Medina@labs.local,"ou=UserAccounts,dc=labs,DC=local",labs.local,"Patsy","Medina",1,"Patsy.Medina","Plutocratic Republic of Prefectures Non-Acoustic Operator","DevLabs Plutocratic Republic of Prefectures","Non-Acoustic Operator","DevLabs","Badpass58883"
Spencer.Watts@labs.local,"ou=UserAccounts,dc=labs,DC=local",labs.local,"Spencer","Watts",1,"Spencer.Watts","Plutocratic Republic of Prefectures Foundry Molder","DevLabs Plutocratic Republic of Prefectures","Foundry Molder","DevLabs","Badpass11676"
Stuart.Poole@labs.local,"ou=UserAccounts,dc=labs,DC=local",labs.local,"Stuart","Poole",1,"Stuart.Poole","Plutocratic Republic of Prefectures Coal Tram Driver","DevLabs Plutocratic Republic of Prefectures","Coal Tram Driver","DevLabs","Badpass68767"
Dana.Horton@labs.local,"ou=UserAccounts,dc=labs,DC=local",labs.local,"Dana","Horton",1,"Dana.Horton","Plutocratic Republic of Prefectures Cage Cashier","DevLabs Plutocratic Republic of Prefectures","Cage Cashier","DevLabs","Badpass89692"
Luz.Boone@labs.local,"ou=UserAccounts,dc=labs,DC=local",labs.local,"Luz","Boone",1,"Luz.Boone","Plutocratic Republic of Prefectures Golf Course Laborer","DevLabs Plutocratic Republic of Prefectures","Golf Course Laborer","DevLabs","Badpass6850"
Diane.Sims@labs.local,"ou=UserAccounts,dc=labs,DC=local",labs.local,"Diane","Sims",1,"Diane.Sims","Plutocratic Republic of Prefectures Aegis Console Operator Track 3","DevLabs Plutocratic Republic of Prefectures","Aegis Console Operator Track 3","DevLabs","Badpass10158"
Joanne.Stewart@labs.local,"ou=UserAccounts,dc=labs,DC=local",labs.local,"Joanne","Stewart",1,"Joanne.Stewart","Plutocratic Republic of Prefectures Dairy Husbandry Worker","DevLabs Plutocratic Republic of Prefectures","Dairy Husbandry Worker","DevLabs","Badpass19993"
Wallace.West@labs.local,"ou=UserAccounts,dc=labs,DC=local",labs.local,"Wallace","West",1,"Wallace.West","Plutocratic Republic of Prefectures Airborne Mission Systems Superintendent","DevLabs Plutocratic Republic of Prefectures","Airborne Mission Systems Superintendent","DevLabs","Badpass61788"
Nellie.Higgins@labs.local,"ou=UserAccounts,dc=labs,DC=local",labs.local,"Nellie","Higgins",1,"Nellie.Higgins","Plutocratic Republic of Prefectures An/Sqq-32(V)3 Minehunting Sonar Set Operator (Mss)","DevLabs Plutocratic Republic of Prefectures","An/Sqq-32(V)3 Minehunting Sonar Set Operator (Mss)","DevLabs","Badpass85310"
Gabriel.Roberson@labs.local,"ou=UserAccounts,dc=labs,DC=local",labs.local,"Gabriel","Roberson",1,"Gabriel.Roberson","Plutocratic Republic of Prefectures Certified Mortician","DevLabs Plutocratic Republic of Prefectures","Certified Mortician","DevLabs","Badpass61561"
Roberto.Lyons@labs.local,"ou=UserAccounts,dc=labs,DC=local",labs.local,"Roberto","Lyons",1,"Roberto.Lyons","The Light Academy National Association for Stock Car Auto Racing Driver","DevLabs The Light Academy","National Association for Stock Car Auto Racing Driver","DevLabs","Badpass52164"
Beverly.Lucas@labs.local,"ou=UserAccounts,dc=labs,DC=local",labs.local,"Beverly","Lucas",1,"Beverly.Lucas","The Light Academy Souvenir Street Vendor","DevLabs The Light Academy","Souvenir Street Vendor","DevLabs","Badpass1874"
Dorothy.Pearson@labs.local,"ou=UserAccounts,dc=labs,DC=local",labs.local,"Dorothy","Pearson",1,"Dorothy.Pearson","The Light Academy Conductor","DevLabs The Light Academy","Conductor","DevLabs","Badpass76416"
Glen.Shaw@labs.local,"ou=UserAccounts,dc=labs,DC=local",labs.local,"Glen","Shaw",1,"Glen.Shaw","The Light Academy Meter Maid","DevLabs The Light Academy","Meter Maid","DevLabs","Badpass17321"
Ginger.Wilkins@labs.local,"ou=UserAccounts,dc=labs,DC=local",labs.local,"Ginger","Wilkins",1,"Ginger.Wilkins","The Light Academy Victorian Literature Professor","DevLabs The Light Academy","Victorian Literature Professor","DevLabs","Badpass56275"
Leona.Wallace@labs.local,"ou=UserAccounts,dc=labs,DC=local",labs.local,"Leona","Wallace",1,"Leona.Wallace","The Light Academy Deck Cadet","DevLabs The Light Academy","Deck Cadet","DevLabs","Badpass80651"
Chester.Dean@labs.local,"ou=UserAccounts,dc=labs,DC=local",labs.local,"Chester","Dean",1,"Chester.Dean","The Light Academy Objects Conservator","DevLabs The Light Academy","Objects Conservator","DevLabs","Badpass21023"
Rosalie.Torres@labs.local,"ou=UserAccounts,dc=labs,DC=local",labs.local,"Rosalie","Torres",1,"Rosalie.Torres","The Light Academy Naval Aircrewman Avionics","DevLabs The Light Academy","Naval Aircrewman Avionics","DevLabs","Badpass62974"
Gerardo.Ross@labs.local,"ou=UserAccounts,dc=labs,DC=local",labs.local,"Gerardo","Ross",1,"Gerardo.Ross","The Light Academy Real Estate Loan Officer","DevLabs The Light Academy","Real Estate Loan Officer","DevLabs","Badpass97522"
Charlene.Shelton@labs.local,"ou=UserAccounts,dc=labs,DC=local",labs.local,"Charlene","Shelton",1,"Charlene.Shelton","The Light Academy Pipe Fitter","DevLabs The Light Academy","Pipe Fitter","DevLabs","Badpass47743"
Joyce.Jefferson@labs.local,"ou=UserAccounts,dc=labs,DC=local",labs.local,"Joyce","Jefferson",1,"Joyce.Jefferson","Integrated Gyrohands Television Repairer","DevLabs Integrated Gyrohands","Television Repairer","DevLabs","Badpass4557"
Damon.Rodriguez@labs.local,"ou=UserAccounts,dc=labs,DC=local",labs.local,"Damon","Rodriguez",1,"Damon.Rodriguez","Protonic Distortion Wardrobe Custodian","DevLabs Protonic Distortion","Wardrobe Custodian","DevLabs","Badpass82446"
Oliver.Barton@labs.local,"ou=UserAccounts,dc=labs,DC=local",labs.local,"Oliver","Barton",1,"Oliver.Barton","Office of Programming Troubleshooting and Application Security Highway Inspector","DevLabs Office of Programming Troubleshooting and Application Security","Highway Inspector","DevLabs","Badpass10237"
Janis.Sutton@labs.local,"ou=UserAccounts,dc=labs,DC=local",labs.local,"Janis","Sutton",1,"Janis.Sutton","Office of Programming Troubleshooting and Application Security Mortgage Closing Clerk","DevLabs Office of Programming Troubleshooting and Application Security","Mortgage Closing Clerk","DevLabs","Badpass48899"
Paul.Moran@labs.local,"ou=UserAccounts,dc=labs,DC=local",labs.local,"Paul","Moran",1,"Paul.Moran","Office of Programming Troubleshooting and Application Security Journalism Professor","DevLabs Office of Programming Troubleshooting and Application Security","Journalism Professor","DevLabs","Badpass55810"
Enrique.Gomez@labs.local,"ou=UserAccounts,dc=labs,DC=local",labs.local,"Enrique","Gomez",1,"Enrique.Gomez","Office of Programming Troubleshooting and Application Security Vacuum Cleaner Repair Person","DevLabs Office of Programming Troubleshooting and Application Security","Vacuum Cleaner Repair Person","DevLabs","Badpass71668"
Walter.Cannon@labs.local,"ou=UserAccounts,dc=labs,DC=local",labs.local,"Walter","Cannon",1,"Walter.Cannon","Office of Programming Troubleshooting and Application Security Paddock Judge","DevLabs Office of Programming Troubleshooting and Application Security","Paddock Judge","DevLabs","Badpass61960"
Antonio.Garza@labs.local,"ou=UserAccounts,dc=labs,DC=local",labs.local,"Antonio","Garza",1,"Antonio.Garza","Office of Programming Troubleshooting and Application Security Aviation Ordnance Officer","DevLabs Office of Programming Troubleshooting and Application Security","Aviation Ordnance Officer","DevLabs","Badpass5241"
Kent.Sullivan@labs.local,"ou=UserAccounts,dc=labs,DC=local",labs.local,"Kent","Sullivan",1,"Kent.Sullivan","Office of Programming Troubleshooting and Application Security Career Technical Counselor","DevLabs Office of Programming Troubleshooting and Application Security","Career Technical Counselor","DevLabs","Badpass17022"
Sonia.Griffith@labs.local,"ou=UserAccounts,dc=labs,DC=local",labs.local,"Sonia","Griffith",1,"Sonia.Griffith","Office of Programming Troubleshooting and Application Security Maxillofacial Prosthodontist","DevLabs Office of Programming Troubleshooting and Application Security","Maxillofacial Prosthodontist","DevLabs","Badpass11371"
Jean.Ross@labs.local,"ou=UserAccounts,dc=labs,DC=local",labs.local,"Jean","Ross",1,"Jean.Ross","Office of Programming Troubleshooting and Application Security Stoker Installer","DevLabs Office of Programming Troubleshooting and Application Security","Stoker Installer","DevLabs","Badpass15372"
Kerry.Byrd@labs.local,"ou=UserAccounts,dc=labs,DC=local",labs.local,"Kerry","Byrd",1,"Kerry.Byrd","Office of Programming Troubleshooting and Application Security Billiard Player","DevLabs Office of Programming Troubleshooting and Application Security","Billiard Player","DevLabs","Badpass73384"
Wallace.Watson@labs.local,"ou=UserAccounts,dc=labs,DC=local",labs.local,"Wallace","Watson",1,"Wallace.Watson","PC Troubleshooting Branch Foreign Exchange Position Clerk","DevLabs PC Troubleshooting Branch","Foreign Exchange Position Clerk","DevLabs","Badpass37450"
Jill.Campbell@labs.local,"ou=UserAccounts,dc=labs,DC=local",labs.local,"Jill","Campbell",1,"Jill.Campbell","PC Troubleshooting Branch Estate Conservator","DevLabs PC Troubleshooting Branch","Estate Conservator","DevLabs","Badpass25598"
Regina.Neal@labs.local,"ou=UserAccounts,dc=labs,DC=local",labs.local,"Regina","Neal",1,"Regina.Neal","PC Troubleshooting Branch Mortgage Accounting Clerk","DevLabs PC Troubleshooting Branch","Mortgage Accounting Clerk","DevLabs","Badpass38541"
Vanessa.Floyd@labs.local,"ou=UserAccounts,dc=labs,DC=local",labs.local,"Vanessa","Floyd",1,"Vanessa.Floyd","PC Troubleshooting Branch Economic Geographer","DevLabs PC Troubleshooting Branch","Economic Geographer","DevLabs","Badpass82092"
Essie.Mclaughlin@labs.local,"ou=UserAccounts,dc=labs,DC=local",labs.local,"Essie","Mclaughlin",1,"Essie.Mclaughlin","PC Troubleshooting Branch Head Greenskeeper","DevLabs PC Troubleshooting Branch","Head Greenskeeper","DevLabs","Badpass30530"
Dana.Johnson@labs.local,"ou=UserAccounts,dc=labs,DC=local",labs.local,"Dana","Johnson",1,"Dana.Johnson","PC Troubleshooting Branch Public Affairs Officer","DevLabs PC Troubleshooting Branch","Public Affairs Officer","DevLabs","Badpass41884"
Mona.Ballard@labs.local,"ou=UserAccounts,dc=labs,DC=local",labs.local,"Mona","Ballard",1,"Mona.Ballard","PC Troubleshooting Branch Manufacturing Engineering Professor","DevLabs PC Troubleshooting Branch","Manufacturing Engineering Professor","DevLabs","Badpass82899"
Santiago.Parks@labs.local,"ou=UserAccounts,dc=labs,DC=local",labs.local,"Santiago","Parks",1,"Santiago.Parks","PC Troubleshooting Branch Drug Abuse Counselor","DevLabs PC Troubleshooting Branch","Drug Abuse Counselor","DevLabs","Badpass67974"
Cristina.Page@labs.local,"ou=UserAccounts,dc=labs,DC=local",labs.local,"Cristina","Page",1,"Cristina.Page","PC Troubleshooting Branch Airborne Operations Manager","DevLabs PC Troubleshooting Branch","Airborne Operations Manager","DevLabs","Badpass4564"
Harvey.Brady@labs.local,"ou=UserAccounts,dc=labs,DC=local",labs.local,"Harvey","Brady",1,"Harvey.Brady","PC Troubleshooting Branch Florist","DevLabs PC Troubleshooting Branch","Florist","DevLabs","Badpass98763"
Grace.Turner@labs.local,"ou=UserAccounts,dc=labs,DC=local",labs.local,"Grace","Turner",1,"Grace.Turner","Agency of Portable PC Implementation Stage Electrician","DevLabs Agency of Portable PC Implementation","Stage Electrician","DevLabs","Badpass79900"
Katie.Maxwell@labs.local,"ou=UserAccounts,dc=labs,DC=local",labs.local,"Katie","Maxwell",1,"Katie.Maxwell","Agency of Portable PC Implementation Bilingual Kindergarten Teacher","DevLabs Agency of Portable PC Implementation","Bilingual Kindergarten Teacher","DevLabs","Badpass23686"
Don.Potter@labs.local,"ou=UserAccounts,dc=labs,DC=local",labs.local,"Don","Potter",1,"Don.Potter","Agency of Portable PC Implementation Construction Ironworker Helper","DevLabs Agency of Portable PC Implementation","Construction Ironworker Helper","DevLabs","Badpass82814"
Loren.Elliott@labs.local,"ou=UserAccounts,dc=labs,DC=local",labs.local,"Loren","Elliott",1,"Loren.Elliott","Agency of Portable PC Implementation Visual Merchandiser","DevLabs Agency of Portable PC Implementation","Visual Merchandiser","DevLabs","Badpass11447"
Marcia.Fitzgerald@labs.local,"ou=UserAccounts,dc=labs,DC=local",labs.local,"Marcia","Fitzgerald",1,"Marcia.Fitzgerald","Agency of Portable PC Implementation Telesales Supervisor","DevLabs Agency of Portable PC Implementation","Telesales Supervisor","DevLabs","Badpass88006"
Sylvia.Sutton@labs.local,"ou=AdminAccounts,dc=labs,DC=local",labs.local,"Sylvia","Sutton",1,"Sylvia.Sutton","Agency of Portable PC Implementation Fire Control Officer","DevLabs Agency of Portable PC Implementation","Fire Control Officer","DevLabs","Badpass11813"
Rosemary.Peterson@labs.local,"ou=UserAccounts,dc=labs,DC=local",labs.local,"Rosemary","Peterson",1,"Rosemary.Peterson","Code Security and PC Technology Team Cement Truck Driver","DevLabs Code Security and PC Technology Team","Cement Truck Driver","DevLabs","Badpass44039"
Anthony.Caldwell@labs.local,"ou=UserAccounts,dc=labs,DC=local",labs.local,"Anthony","Caldwell",1,"Anthony.Caldwell","Code Security and PC Technology Team Window Cleaner","DevLabs Code Security and PC Technology Team","Window Cleaner","DevLabs","Badpass78369"
Brooke.Webster@labs.local,"ou=UserAccounts,dc=labs,DC=local",labs.local,"Brooke","Webster",1,"Brooke.Webster","Code Security and PC Technology Team Licensed Clinical Mental Health Counselor","DevLabs Code Security and PC Technology Team","Licensed Clinical Mental Health Counselor","DevLabs","Badpass22968"
Penny.Gregory@labs.local,"ou=UserAccounts,dc=labs,DC=local",labs.local,"Penny","Gregory",1,"Penny.Gregory","Code Security and PC Technology Team Store Gift Wrap Associate","DevLabs Code Security and PC Technology Team","Store Gift Wrap Associate","DevLabs","Badpass29522"
Dominic.Mendoza@labs.local,"ou=UserAccounts,dc=labs,DC=local",labs.local,"Dominic","Mendoza",1,"Dominic.Mendoza","Code Security and PC Technology Team Traveling Missionary","DevLabs Code Security and PC Technology Team","Traveling Missionary","DevLabs","Badpass45551"
Ethel.Bishop@labs.local,"ou=UserAccounts,dc=labs,DC=local",labs.local,"Ethel","Bishop",1,"Ethel.Bishop","Code Security and PC Technology Team Tax Compliance Representative","DevLabs Code Security and PC Technology Team","Tax Compliance Representative","DevLabs","Badpass14715"
Kelvin.Ortiz@labs.local,"ou=UserAccounts,dc=labs,DC=local",labs.local,"Kelvin","Ortiz",1,"Kelvin.Ortiz","Code Security and PC Technology Team Hotel Baggage Handler","DevLabs Code Security and PC Technology Team","Hotel Baggage Handler","DevLabs","Badpass73993"
Caleb.Kennedy@labs.local,"ou=UserAccounts,dc=labs,DC=local",labs.local,"Caleb","Kennedy",1,"Caleb.Kennedy","Code Security and PC Technology Team Registered Medical Transcriptionist","DevLabs Code Security and PC Technology Team","Registered Medical Transcriptionist","DevLabs","Badpass76530"
Randal.Parsons@labs.local,"ou=UserAccounts,dc=labs,DC=local",labs.local,"Randal","Parsons",1,"Randal.Parsons","Code Security and PC Technology Team Pugilist","DevLabs Code Security and PC Technology Team","Pugilist","DevLabs","Badpass11028"
Seth.Harper@labs.local,"ou=UserAccounts,dc=labs,DC=local",labs.local,"Seth","Harper",1,"Seth.Harper","Code Security and PC Technology Team Wholesale Ultrasonic Equipment Salesperson","DevLabs Code Security and PC Technology Team","Wholesale Ultrasonic Equipment Salesperson","DevLabs","Badpass74210"
Debra.Thornton@labs.local,"ou=UserAccounts,dc=labs,DC=local",labs.local,"Debra","Thornton",1,"Debra.Thornton","Illuminated Technocracy Sports Complex Attendant","DevLabs Illuminated Technocracy","Sports Complex Attendant","DevLabs","Badpass84977"
Jessie.Schmidt@labs.local,"ou=UserAccounts,dc=labs,DC=local",labs.local,"Jessie","Schmidt",1,"Jessie.Schmidt","Illuminated Technocracy Boiler Operator","DevLabs Illuminated Technocracy","Boiler Operator","DevLabs","Badpass44945"
Antoinette.Morrison@labs.local,"ou=UserAccounts,dc=labs,DC=local",labs.local,"Antoinette","Morrison",1,"Antoinette.Morrison","Illuminated Technocracy Booking Manager","DevLabs Illuminated Technocracy","Booking Manager","DevLabs","Badpass96146"
Mark.Mccormick@labs.local,"ou=UserAccounts,dc=labs,DC=local",labs.local,"Mark","Mccormick",1,"Mark.Mccormick","Illuminated Technocracy Registered Medical Transcriptionist","DevLabs Illuminated Technocracy","Registered Medical Transcriptionist","DevLabs","Badpass43688"
Jeanette.Wise@labs.local,"ou=UserAccounts,dc=labs,DC=local",labs.local,"Jeanette","Wise",1,"Jeanette.Wise","Illuminated Technocracy Tape Editor","DevLabs Illuminated Technocracy","Tape Editor","DevLabs","Badpass56301"
Elena.Hernandez@labs.local,"ou=UserAccounts,dc=labs,DC=local",labs.local,"Elena","Hernandez",1,"Elena.Hernandez","Illuminated Technocracy Cotton Ginner","DevLabs Illuminated Technocracy","Cotton Ginner","DevLabs","Badpass95861"
Bob.King@labs.local,"ou=UserAccounts,dc=labs,DC=local",labs.local,"Bob","King",1,"Bob.King","Radioactive Team Glacier Music Adapter","DevLabs Radioactive Team Glacier","Music Adapter","DevLabs","Badpass46339"
Vera.Daniels@labs.local,"ou=UserAccounts,dc=labs,DC=local",labs.local,"Vera","Daniels",1,"Vera.Daniels","Radioactive Team Glacier Poultry Inseminator","DevLabs Radioactive Team Glacier","Poultry Inseminator","DevLabs","Badpass78347"
Colleen.Blair@labs.local,"ou=UserAccounts,dc=labs,DC=local",labs.local,"Colleen","Blair",1,"Colleen.Blair","Radioactive Team Glacier DTR","DevLabs Radioactive Team Glacier","DTR","DevLabs","Badpass19252"
Arlene.Poole@labs.local,"ou=UserAccounts,dc=labs,DC=local",labs.local,"Arlene","Poole",1,"Arlene.Poole","Radioactive Team Glacier Songwriter","DevLabs Radioactive Team Glacier","Songwriter","DevLabs","Badpass78687"
Stella.Palmer@labs.local,"ou=UserAccounts,dc=labs,DC=local",labs.local,"Stella","Palmer",1,"Stella.Palmer","Radioactive Team Glacier Bicycle Racer","DevLabs Radioactive Team Glacier","Bicycle Racer","DevLabs","Badpass77917"
Phil.Hogan@labs.local,"ou=UserAccounts,dc=labs,DC=local",labs.local,"Phil","Hogan",1,"Phil.Hogan","Radioactive Team Glacier Certified Nurse Midwife (CNM)","DevLabs Radioactive Team Glacier","Certified Nurse Midwife (CNM)","DevLabs","Badpass69445"
Angelo.Richards@labs.local,"ou=UserAccounts,dc=labs,DC=local",labs.local,"Angelo","Richards",1,"Angelo.Richards","Radioactive Team Glacier Field Enumerator","DevLabs Radioactive Team Glacier","Field Enumerator","DevLabs","Badpass97334"
Jasmine.Lawson@labs.local,"ou=UserAccounts,dc=labs,DC=local",labs.local,"Jasmine","Lawson",1,"Jasmine.Lawson","Radioactive Team Glacier Industrial Photographer","DevLabs Radioactive Team Glacier","Industrial Photographer","DevLabs","Badpass30977"
Julio.Davis@labs.local,"ou=UserAccounts,dc=labs,DC=local",labs.local,"Julio","Davis",1,"Julio.Davis","Radioactive Team Glacier Early Childhood Special Education Teacher","DevLabs Radioactive Team Glacier","Early Childhood Special Education Teacher","DevLabs","Badpass46270"
Monique.Price@labs.local,"ou=UserAccounts,dc=labs,DC=local",labs.local,"Monique","Price",1,"Monique.Price","Radioactive Team Glacier Telephone Interviewer","DevLabs Radioactive Team Glacier","Telephone Interviewer","DevLabs","Badpass788"
Gerardo.Lindsey@labs.local,"ou=UserAccounts,dc=labs,DC=local",labs.local,"Gerardo","Lindsey",1,"Gerardo.Lindsey","Radioactive Team Glacier Adult Nurse Practitioner","DevLabs Radioactive Team Glacier","Adult Nurse Practitioner","DevLabs","Badpass96589"
Terrence.Chapman@labs.local,"ou=UserAccounts,dc=labs,DC=local",labs.local,"Terrence","Chapman",1,"Terrence.Chapman","Radioactive Team Glacier Airset Caster","DevLabs Radioactive Team Glacier","Airset Caster","DevLabs","Badpass68831"
Horace.Alvarado@labs.local,"ou=UserAccounts,dc=labs,DC=local",labs.local,"Horace","Alvarado",1,"Horace.Alvarado","Radioactive Team Glacier Counterintelligence","DevLabs Radioactive Team Glacier","Counterintelligence/Human Intelligence Senior Sergeant","DevLabs","Badpass13042"
Jeannie.Jacobs@labs.local,"ou=UserAccounts,dc=labs,DC=local",labs.local,"Jeannie","Jacobs",1,"Jeannie.Jacobs","Radioactive Team Glacier Ship Purser","DevLabs Radioactive Team Glacier","Ship Purser","DevLabs","Badpass55527"
Irvin.May@labs.local,"ou=UserAccounts,dc=labs,DC=local",labs.local,"Irvin","May",1,"Irvin.May","Radioactive Team Glacier Poker Room Supervisor","DevLabs Radioactive Team Glacier","Poker Room Supervisor","DevLabs","Badpass60479"
Rafael.Colon@labs.local,"ou=UserAccounts,dc=labs,DC=local",labs.local,"Rafael","Colon",1,"Rafael.Colon","Radioactive Team Glacier Licensed Massage Therapist","DevLabs Radioactive Team Glacier","Licensed Massage Therapist","DevLabs","Badpass40962"
Gertrude.Kim@labs.local,"ou=UserAccounts,dc=labs,DC=local",labs.local,"Gertrude","Kim",1,"Gertrude.Kim","Titanium Task Force Magnetic Fire Control Officer","DevLabs Titanium Task Force Magnetic","Fire Control Officer","DevLabs","Badpass87915"
Angela.Knight@labs.local,"ou=UserAccounts,dc=labs,DC=local",labs.local,"Angela","Knight",1,"Angela.Knight","Titanium Task Force Magnetic Motor Rewinder","DevLabs Titanium Task Force Magnetic","Motor Rewinder","DevLabs","Badpass80578"
Janie.Goodwin@labs.local,"ou=UserAccounts,dc=labs,DC=local",labs.local,"Janie","Goodwin",1,"Janie.Goodwin","Titanium Task Force Magnetic Airplane Refueler","DevLabs Titanium Task Force Magnetic","Airplane Refueler","DevLabs","Badpass83974"
Stephen.Mckinney@labs.local,"ou=UserAccounts,dc=labs,DC=local",labs.local,"Stephen","Mckinney",1,"Stephen.Mckinney","Titanium Task Force Magnetic Marine Architect","DevLabs Titanium Task Force Magnetic","Marine Architect","DevLabs","Badpass73138"
Eleanor.Abbott@labs.local,"ou=UserAccounts,dc=labs,DC=local",labs.local,"Eleanor","Abbott",1,"Eleanor.Abbott","Titanium Task Force Magnetic Harvest Crew Supervisor","DevLabs Titanium Task Force Magnetic","Harvest Crew Supervisor","DevLabs","Badpass68"
Perry.Newman@labs.local,"ou=UserAccounts,dc=labs,DC=local",labs.local,"Perry","Newman",1,"Perry.Newman","Titanium Task Force Magnetic Compressor Station Operator","DevLabs Titanium Task Force Magnetic","Compressor Station Operator","DevLabs","Badpass2396"
Dan.Richardson@labs.local,"ou=UserAccounts,dc=labs,DC=local",labs.local,"Dan","Richardson",1,"Dan.Richardson","Titanium Task Force Magnetic Street Sweeper Operator","DevLabs Titanium Task Force Magnetic","Street Sweeper Operator","DevLabs","Badpass6205"
Kim.Dennis@labs.local,"ou=UserAccounts,dc=labs,DC=local",labs.local,"Kim","Dennis",1,"Kim.Dennis","Titanium Task Force Magnetic Submarine Diver","DevLabs Titanium Task Force Magnetic","Submarine Diver","DevLabs","Badpass73923"
Hattie.Henry@labs.local,"ou=UserAccounts,dc=labs,DC=local",labs.local,"Hattie","Henry",1,"Hattie.Henry","Titanium Task Force Magnetic Paraeducator","DevLabs Titanium Task Force Magnetic","Paraeducator","DevLabs","Badpass49354"
Katrina.Frazier@labs.local,"ou=UserAccounts,dc=labs,DC=local",labs.local,"Katrina","Frazier",1,"Katrina.Frazier","Titanium Task Force Magnetic Clinical Social Work Aide","DevLabs Titanium Task Force Magnetic","Clinical Social Work Aide","DevLabs","Badpass14909"
Christie.Hubbard@labs.local,"ou=UserAccounts,dc=labs,DC=local",labs.local,"Christie","Hubbard",1,"Christie.Hubbard","Uranium Squadron Grocery Stocker","DevLabs Uranium Squadron","Grocery Stocker","DevLabs","Badpass91353"
Johnnie.Doyle@labs.local,"ou=UserAccounts,dc=labs,DC=local",labs.local,"Johnnie","Doyle",1,"Johnnie.Doyle","Uranium Squadron Laryngologist","DevLabs Uranium Squadron","Laryngologist","DevLabs","Badpass7531"
Micheal.Mathis@labs.local,"ou=UserAccounts,dc=labs,DC=local",labs.local,"Micheal","Mathis",1,"Micheal.Mathis","Uranium Squadron Officer In Charge","DevLabs Uranium Squadron","Officer In Charge Aviation Unit Or Detachment","DevLabs","Badpass97915"
Maxine.James@labs.local,"ou=UserAccounts,dc=labs,DC=local",labs.local,"Maxine","James",1,"Maxine.James","Uranium Squadron Chambermaid","DevLabs Uranium Squadron","Chambermaid","DevLabs","Badpass28066"
Susie.Vargas@labs.local,"ou=UserAccounts,dc=labs,DC=local",labs.local,"Susie","Vargas",1,"Susie.Vargas","Uranium Squadron Roof Truss Builder","DevLabs Uranium Squadron","Roof Truss Builder","DevLabs","Badpass63429"
Gayle.Mullins@labs.local,"ou=UserAccounts,dc=labs,DC=local",labs.local,"Gayle","Mullins",1,"Gayle.Mullins","Uranium Squadron Refinery Process Engineer","DevLabs Uranium Squadron","Refinery Process Engineer","DevLabs","Badpass65072"
Clayton.Vega@labs.local,"ou=UserAccounts,dc=labs,DC=local",labs.local,"Clayton","Vega",1,"Clayton.Vega","Uranium Squadron Podiatric Aide","DevLabs Uranium Squadron","Podiatric Aide","DevLabs","Badpass89212"
Lance.Reed@labs.local,"ou=UserAccounts,dc=labs,DC=local",labs.local,"Lance","Reed",1,"Lance.Reed","Uranium Squadron Certified Respiratory Therapy Technician","DevLabs Uranium Squadron","Certified Respiratory Therapy Technician","DevLabs","Badpass73785"
Jon.Barrett@labs.local,"ou=UserAccounts,dc=labs,DC=local",labs.local,"Jon","Barrett",1,"Jon.Barrett","Nano Spectral Sagittarius Ballerina","DevLabs Nano Spectral Sagittarius","Ballerina","DevLabs","Badpass82151"
Leigh.Bell@labs.local,"ou=UserAccounts,dc=labs,DC=local",labs.local,"Leigh","Bell",1,"Leigh.Bell","Nano Spectral Sagittarius Low Altitude Air Defense (Laad) Gunner","DevLabs Nano Spectral Sagittarius","Low Altitude Air Defense (Laad) Gunner","DevLabs","Badpass81599"
Ernestine.Carson@labs.local,"ou=UserAccounts,dc=labs,DC=local",labs.local,"Ernestine","Carson",1,"Ernestine.Carson","Nano Spectral Sagittarius Offset Lithographic Press Setter and Set-Up Operator","DevLabs Nano Spectral Sagittarius","Offset Lithographic Press Setter and Set-Up Operator","DevLabs","Badpass23341"
Martha.Maldonado@labs.local,"ou=UserAccounts,dc=labs,DC=local",labs.local,"Martha","Maldonado",1,"Martha.Maldonado","Nano Spectral Sagittarius Financial Director","DevLabs Nano Spectral Sagittarius","Financial Director","DevLabs","Badpass14969"
Calvin.Powell@labs.local,"ou=UserAccounts,dc=labs,DC=local",labs.local,"Calvin","Powell",1,"Calvin.Powell","Nano Spectral Sagittarius Milking Machine Mechanic","DevLabs Nano Spectral Sagittarius","Milking Machine Mechanic","DevLabs","Badpass34364"
Cathy.Schultz@labs.local,"ou=UserAccounts,dc=labs,DC=local",labs.local,"Cathy","Schultz",1,"Cathy.Schultz","Nano Spectral Sagittarius County Surveyor","DevLabs Nano Spectral Sagittarius","County Surveyor","DevLabs","Badpass53098"
Phyllis.Washington@labs.local,"ou=UserAccounts,dc=labs,DC=local",labs.local,"Phyllis","Washington",1,"Phyllis.Washington","Nano Spectral Sagittarius Oil Pipeline Dispatcher","DevLabs Nano Spectral Sagittarius","Oil Pipeline Dispatcher","DevLabs","Badpass75024"
Homer.Simmons@labs.local,"ou=UserAccounts,dc=labs,DC=local",labs.local,"Homer","Simmons",1,"Homer.Simmons","Nano Spectral Sagittarius Service Order Clerk","DevLabs Nano Spectral Sagittarius","Service Order Clerk","DevLabs","Badpass92861"
Delores.Wright@labs.local,"ou=UserAccounts,dc=labs,DC=local",labs.local,"Delores","Wright",1,"Delores.Wright","Nano Spectral Sagittarius City Alderman","DevLabs Nano Spectral Sagittarius","City Alderman","DevLabs","Badpass68246"
Amos.Edwards@labs.local,"ou=UserAccounts,dc=labs,DC=local",labs.local,"Amos","Edwards",1,"Amos.Edwards","Nano Spectral Sagittarius CEO","DevLabs Nano Spectral Sagittarius","CEO","DevLabs","Badpass4921"
Roy.Cross@labs.local,"ou=UserAccounts,dc=labs,DC=local",labs.local,"Roy","Cross",1,"Roy.Cross","Nano Spectral Sagittarius Chief Executive Officer","DevLabs Nano Spectral Sagittarius","Chief Executive Officer","DevLabs","Badpass13822"
Alberta.Armstrong@labs.local,"ou=UserAccounts,dc=labs,DC=local",labs.local,"Alberta","Armstrong",1,"Alberta.Armstrong","Nano Spectral Sagittarius Chief Operating Officer","DevLabs Nano Spectral Sagittarius","Chief Operating Officer","DevLabs","Badpass78144"
Rochelle.Hughes@labs.local,"ou=UserAccounts,dc=labs,DC=local",labs.local,"Rochelle","Hughes",1,"Rochelle.Hughes","Nano Spectral Sagittarius Commissioner of Internal Revenue","DevLabs Nano Spectral Sagittarius","Commissioner of Internal Revenue","DevLabs","Badpass16043"
Irene.Houston@labs.local,"ou=UserAccounts,dc=labs,DC=local",labs.local,"Irene","Houston",1,"Irene.Houston","Nano Spectral Sagittarius COO","DevLabs Nano Spectral Sagittarius","COO","DevLabs","Badpass51156"
Byron.Lawrence@labs.local,"ou=UserAccounts,dc=labs,DC=local",labs.local,"Byron","Lawrence",1,"Byron.Lawrence","Nano Spectral Sagittarius County Commissioner","DevLabs Nano Spectral Sagittarius","County Commissioner","DevLabs","Badpass74862"
Marion.Gonzalez@labs.local,"ou=UserAccounts,dc=labs,DC=local",labs.local,"Marion","Gonzalez",1,"Marion.Gonzalez","Nano Spectral Sagittarius Government Service Executive","DevLabs Nano Spectral Sagittarius","Government Service Executive","DevLabs","Badpass62004"
Gerald.Wade@labs.local,"ou=UserAccounts,dc=labs,DC=local",labs.local,"Gerald","Wade",1,"Gerald.Wade","Nano Spectral Sagittarius City Alderman","DevLabs Nano Spectral Sagittarius","City Alderman","DevLabs","Badpass35101"
Donna.Garner@labs.local,"ou=UserAccounts,dc=labs,DC=local",labs.local,"Donna","Garner",1,"Donna.Garner","Compu Matrix M City Council Member","DevLabs Compu Matrix M","City Council Member","DevLabs","Badpass63050"
